Company,Job_Postings,Total_Openings,Average_Salary_LPA
HCL Technologies,8,54,13.2625
MakeMyTrip,7,53,20.099999999999998
Infosys,13,45,14.746153846153845
Lenskart,10,37,23.39
Leadsquared,4,37,23.15
Amazon,8,34,22.0375
Deloitte,11,30,22.12727272727273
Urban Company,3,28,13.266666666666667
Cisco,6,27,14.866666666666667
Accenture,9,26,26.32222222222222
Nykaa,7,26,12.885714285714286
Chargebee,4,26,28.575000000000003
Fi Money,7,24,27.02857142857143
Oracle,5,24,14.459999999999999
Byju's,3,24,28.233333333333334
IBM,3,24,11.300000000000002
HAL,7,22,9.214285714285714
Hasura,4,22,17.35
Flipkart,7,21,38.528571428571425
NTPC,4,21,8.85
Setu,8,20,21.675
Groww,4,19,31.900000000000002
Google,6,18,31.450000000000003
Wipro,8,17,9.0625
Khatabook,5,17,16.32
ISRO,5,16,10.66
PhonePe,3,15,23.666666666666668
Darwinbox,4,14,41.8
Cognizant,5,13,10.8
Tech Mahindra,7,12,23.02857142857143
BrowserStack,6,12,16.900000000000002
Capgemini,5,12,9.879999999999999
Meesho,4,12,35.25
Microsoft,4,12,19.849999999999998
Postman,2,12,35.650000000000006
Zerodha,5,10,20.06
Dream11,4,10,25.0
ONGC,5,9,13.080000000000002
Zomato,3,9,41.46666666666667
Freshworks,3,8,35.03333333333333
Swiggy,3,7,49.63333333333333
Zoho,3,7,35.233333333333334
BEL,4,6,14.125
Slice,4,6,20.2
Razorpay,3,6,9.133333333333333
CRED,2,6,22.9
DRDO,2,6,9.95
TCS,2,5,6.35
Paytm,2,4,16.9
BSNL,1,3,10.9
InMobi,1,2,11.2
Ola,1,1,13.5
