Job_ID,Company,City,Experience_Level,Work_Mode,Openings,Applicants,Applicants_per_Opening,Salary_LPA
IND2028171,Flipkart,Delhi,Lead (10+ yrs),On-Site,2,238,119.0,62.7
IND2027898,Microsoft,Remote,Lead (10+ yrs),On-Site,1,119,119.0,53.3
IND2029407,DRDO,Pune,Mid (3-6 yrs),On-Site,5,595,119.0,9.7
IND2026957,Khatabook,Pune,Fresher (0-1 yr),On-Site,5,594,118.8,5.6
IND2028943,TCS,Ahmedabad,Junior (1-3 yrs),On-Site,3,354,118.0,9.2
IND2027333,ONGC,Remote,Mid (3-6 yrs),Remote,2,236,118.0,3.3
IND2029231,Fi Money,Remote,Junior (1-3 yrs),Remote,1,118,118.0,11.4
IND2026749,Accenture,Mumbai,Senior (6-10 yrs),Hybrid,2,235,117.5,27.4
IND2029138,Ola,Coimbatore,Junior (1-3 yrs),On-Site,1,117,117.0,13.5
IND2029751,Dream11,Remote,Fresher (0-1 yr),Hybrid,2,233,116.5,7.1
IND2028312,Setu,Jaipur,Junior (1-3 yrs),On-Site,1,116,116.0,12.2
IND2027298,HCL Technologies,Pune,Junior (1-3 yrs),On-Site,10,1160,116.0,7.7
IND2025326,Dream11,Indore,Junior (1-3 yrs),Hybrid,2,232,116.0,12.8
IND2027353,Chargebee,Remote,Senior (6-10 yrs),Remote,3,348,116.0,46.7
IND2029588,MakeMyTrip,Mumbai,Fresher (0-1 yr),On-Site,15,1740,116.0,7.8
